median_income,median_rent,rent_burden_30_34,rent_burden_35_39,rent_burden_40_49,rent_burden_50_plus,total_renters,median_hval,metropolitan statistical area/micropolitan statistical area,year,rent_burdened_total,rent_burdened_pct
47365,882,1937,1744,2042,8794,26952,159800,14020,2018,14517,53.86242208370437
49798,905,2187,1478,2193,8432,26344,166400,14020,2019,14290,54.2438505921652
52226,931,2035,1444,2463,8267,27230,177700,14020,2020,14209,52.1814175541682
54060,980,1864,1349,2416,9386,27619,190500,14020,2021,15015,54.36474890473949
59998,1089,1848,1268,2399,9273,27413,224300,14020,2022,14788,53.945208477729544
62949,1137,1948,1403,2490,8861,27962,242800,14020,2023,14702,52.57849939203204
